{"cameraMode":{"drawMode":0,"name":"Shaded","section":"Shading Mode"},"sceneLighting":false,"audioPlay":false,"sceneViewState":{"showFog":false,"showMaterialUpdate":false,"showSkybox":false,"showFlares":false,"showImageEffects":false,"showParticleSystems":false},"in2DMode":false,"pivot":{"x":-2.619999885559082,"y":-4.76837158203125e-7,"z":6.860000133514404},"rotation":{"x":0.25659748911857607,"y":-1.2054837128516738e-8,"z":8.279608998407184e-9,"w":0.9665188789367676},"size":0.8660253882408142,"orthographic":false}